record_id,plot_area_ha,rainfall_mm,soil_ph,seed_kg,distance_km,arrival_hour,actual_yield_kg,dispatch_attention
R001,1.2,81,5.7,210,14,9,3200,0
R002,0.8,75,6.1,150,8,10,2400,0
R003,2.0,95,5.5,300,20,11,4500,1
R004,1.5,88,6.0,250,12,9,3800,0
R005,2.5,105,5.2,400,25,14,5200,1
R006,1.0,70,6.3,180,6,8,2100,0
R007,1.8,92,5.8,280,18,10,4100,0
R008,2.2,100,5.4,350,22,12,4800,1
R009,1.3,85,6.2,220,10,9,3400,0
R010,0.9,72,6.0,160,7,8,2300,0
R011,2.8,110,5.1,450,30,15,5600,1
R012,1.6,90,5.9,260,15,10,3900,0
R013,1.1,78,6.1,190,9,9,2700,0
R014,2.3,102,5.3,370,24,13,5000,1
R015,1.7,89,5.7,270,16,11,4000,0
R016,1.4,86,6.0,240,11,9,3600,0
R017,2.1,98,5.6,320,21,12,4600,1
R018,1.9,94,5.9,290,19,11,4300,0
R019,1.2,80,6.2,200,13,9,3100,0
R020,2.6,107,5.2,420,28,14,5400,1
